[
{"product_type": "매트리스커버 관련 상품 추천", "product_name": "상품명: 보드래 퍼펙트 누빔 매트리스커버, 베이지핑크"},
{"product_type": "매트리스커버 관련 상품 추천", "product_name": "상품명: 쿠팡 브랜드 - 코멧 홈 40수 순면 누빔 매트리스커버, 챠콜"},
{"product_type": "매트리스커버 관련 상품 추천", "product_name": "상품명: 바숨 순면 누빔 침대 매트리스커버, 화이트"},
{"product_type": "매트리스커버 관련 상품 추천", "product_name": "상품명: 프랑떼 항균 방수 매트리스커버, 화이트"},
{"product_type": "매트리스커버 관련 상품 추천", "product_name": "상품명: 보몽드 순면스퀘어 솔리드 누빔매트커버, 다크블루"},
{"product_type": "매트리스커버 관련 상품 추천", "product_name": "상품명: 네이쳐리빙 피아블 클래식 방수 매트리스커버, 그레이"},
{"product_type": "매트리스커버 관련 상품 추천", "product_name": "상품명: 쿠팡 브랜드 - 코멧 홈 순면 매트리스커버, 베이지"},
{"product_type": "매트리스커버 관련 상품 추천", "product_name": "상품명: 타카타카 프리미엄 나노 화이바 누빔 매트리스 커버, 프렌치불독"},
{"product_type": "매트리스커버 관련 상품 추천", "product_name": "상품명: 더자리 에코항균 마이크로 매트리스커버, 밀키그레이"},
{"product_type": "매트리스커버 관련 상품 추천", "product_name": "상품명: 보몽드 순면스퀘어 누빔매트커버, 화이트"},
{"product_type": "매트리스커버 관련 상품 추천", "product_name": "상품명: 피아블 클래식 방수 매트리스커버, 화이트"},
{"product_type": "매트리스커버 관련 상품 추천", "product_name": "상품명: 쿠팡 브랜드 - 코멧 홈 순면 매트리스커버, 차콜그레이"},
{"product_type": "여름이불세트 관련 상품 추천", "product_name": "상품명: 보몽드 메종 레이스 차렵이불 3종 세트, 민트"},
{"product_type": "여름이불세트 관련 상품 추천", "product_name": "상품명: 슈에뜨룸 체크 피치스킨 침구세트, 모카"},
{"product_type": "여름이불세트 관련 상품 추천", "product_name": "상품명: 메리엘 시어서커 에어리플 이불세트, 그레이"},
{"product_type": "여름이불세트 관련 상품 추천", "product_name": "상품명: 슈에뜨룸 빠삐용 시어서커 침구세트, 네이비"},
{"product_type": "여름이불세트 관련 상품 추천", "product_name": "상품명: 믹스앤매치 에이프릴 리플 누비이불 패드세트, 화이트"},
{"product_type": "여름이불세트 관련 상품 추천", "product_name": "상품명: 쉬즈홈 시어서커 홑이불 토퍼세트, 루즈 그레이"},
{"product_type": "여름이불세트 관련 상품 추천", "product_name": "상품명: 바자르 트로피컬 인견 여름 이불세트 인견이불 + 베개커버 2p + 인견패드, 그린"},
{"product_type": "여름이불세트 관련 상품 추천", "product_name": "상품명: 바자르 라이닝 혼방 인견 여름 이불베개세트 + 패드 Q, 쿨 네이비"},
{"product_type": "여름이불세트 관련 상품 추천", "product_name": "상품명: 슈에뜨룸 비숑 피치스킨 침구세트, 그레이"},
{"product_type": "여름이불세트 관련 상품 추천", "product_name": "상품명: 스코홈 시어서커 여름 이불 패드 3종 세트, 차콜"},
{"product_type": "여름이불세트 관련 상품 추천", "product_name": "상품명: 스코홈 어번시리즈 순면 차렵이불 누빔 매트커버세트 S 차콜"},
{"product_type": "여름이불세트 관련 상품 추천", "product_name": "상품명: 쉬즈홈 루즈 시어서커 차렵이불 패드세트, 그레이"},
{"product_type": "여름이불세트 관련 상품 추천", "product_name": "상품명: 예가로드 메리엘 시어서커 누비이불 패드세트, 블루"},
{"product_type": "여름이불세트 관련 상품 추천", "product_name": "상품명: 에피소드1 샤베트 프릴 시어서커 여름이불패드세트, 화이트"},
{"product_type": "여름이불세트 관련 상품 추천", "product_name": "상품명: 쉬즈홈 플루 시어서커 차렵이불 패드세트, 그린"},
{"product_type": "여름이불세트 관련 상품 추천", "product_name": "상품명: 메종 레이스 차렵 이불 세트, 블루"},
{"product_type": "여름이불세트 관련 상품 추천", "product_name": "상품명: 믹스앤매치 로라 프릴 시어서커 침구세트, 그린"},
{"product_type": "여름이불세트 관련 상품 추천", "product_name": "상품명: 슈에뜨룸 발그레 피치 리플 침구 세트, 혼합 색상"},
{"product_type": "여름이불세트 관련 상품 추천", "product_name": "상품명: 쉬즈홈 모던그리드 순면 여름이불 베개커버 패드세트, 핑크"},
{"product_type": "여름이불세트 관련 상품 추천", "product_name": "상품명: 스코홈 빅리플 여름 차렵이불패드 3종 세트, 마린그레이"},
{"product_type": "여름이불세트 관련 상품 추천", "product_name": "상품명: 아망떼 시어서커 리플 홑이불 패드세트, 웨이크"},
{"product_type": "여름이불세트 관련 상품 추천", "product_name": "상품명: 마이센스 무더운 여름엔 시어서커 여름이불 패드 베개 이불세트 30종, 시어서커_파스텔그레이"},
{"product_type": "여름이불세트 관련 상품 추천", "product_name": "상품명: 믹스앤매치 로라 프릴 시어서커 침구세트, 그레이"},
{"product_type": "여름이불세트 관련 상품 추천", "product_name": "상품명: 에피소드1 샤베트 프릴 시어서커 여름이불패드세트, 그레이"},
{"product_type": "여름이불세트 관련 상품 추천", "product_name": "상품명: 슈에뜨룸 선인장 리플 침구 세트, 베이지"},
{"product_type": "여름이불세트 관련 상품 추천", "product_name": "상품명: 아망떼 시어서커 리플 홑이불 패드세트, 허브티"},
{"product_type": "여름이불세트 관련 상품 추천", "product_name": "상품명: 지베딩 아이스베어 시어서커 여름침구 풀세트, 민트그레이"},
{"product_type": "여름이불세트 관련 상품 추천", "product_name": "상품명: 쁘리엘르 테스 시어서커 여름이불 패드세트, 그레이"},
{"product_type": "여름이불세트 관련 상품 추천", "product_name": "상품명: 쉬즈홈 시어서커 홑이불 + 토퍼 + 베개커버 세트, 나나 옐로우"},
{"product_type": "여름이불세트 관련 상품 추천", "product_name": "상품명: 아망떼 시어서커 리플 퀼팅 이불패드세트, 리엔나"}
]